x,y,l
0.7935819601040763,0.031141868512110725,0
0.813529921942758,0.04728950403690888,0
0.24371205550737207,0.0657439446366782,0
0.05464006938421509,0.08073817762399077,0
0.7883781439722463,0.0853517877739331,0
0.24804856895056374,0.08881199538638986,0
0.08412836079791847,0.09573241061130335,0
0.29228100607111884,0.10265282583621683,0
0.18907198612315698,0.10380622837370242,0
0.24544666088464875,0.104959630911188,0
0.23070251517779705,0.10957324106113034,0
0.12055507372072853,0.1118800461361015,0
0.11621856027753687,0.11418685121107267,0
0.9314830875975716,0.11649365628604383,0
0.2142237640936687,0.11764705882352941,0
0.9071986123156982,0.11995386389850057,0
0.07718993928881179,0.12341407151095732,0
0.20294882914137033,0.12687427912341406,0
0.08846487424111014,0.12802768166089964,0
0.629661751951431,0.13264129181084197,0
0.2575888985255854,0.13610149942329874,0
0.29141370338248046,0.14302191464821223,0
0.6279271465741544,0.14302191464821223,0
0.6366001734605378,0.1453287197231834,0
0.26366001734605377,0.14994232987312572,0
0.7718993928881179,0.14994232987312572,0
0.07198612315698179,0.15455594002306805,0
0.5177797051170858,0.16147635524798154,0
0.5897658282740676,0.16147635524798154,0
0.6860364267129229,0.16147635524798154,0
0.24024284475281873,0.16608996539792387,0
0.562012142237641,0.16608996539792387,0
0.6157849089332177,0.16724336793540945,0
0.9141370338248048,0.16724336793540945,0
0.8751084128360798,0.1695501730103806,0
0.21595836947094535,0.17185697808535177,0
0.7805724197745013,0.17647058823529413,0
0.9228100607111882,0.18108419838523646,0
0.22116218560277537,0.18223760092272204,0
0.7042497831743278,0.18915801614763553,0
0.17346053772766695,0.19261822376009227,0
0.23850823937554205,0.19492502883506344,0
0.1795316565481353,0.19838523644752018,0
0.11101474414570685,0.19953863898500576,0
0.6339982653946227,0.2041522491349481,0
0.13096270598438856,0.209919261822376,0
0.21335646140503037,0.209919261822376,0
0.08846487424111014,0.21337946943483277,0
0.6539462272333044,0.21337946943483277,0
0.6764960971379012,0.21568627450980393,0
0.1370338248048569,0.223760092272203,0
0.7736339982653946,0.223760092272203,0
0.10667823070251518,0.22606689734717417,0
0.19514310494362533,0.22606689734717417,0
0.14657415437987859,0.22837370242214533,0
0.46487424111014747,0.2295271049596309,0
0.13616652211621855,0.2433679354094579,0
0.2445793581960104,0.24567474048442905,0
0.7727666955767563,0.24798154555940022,0
0.7779705117085863,0.2491349480968858,0
0.14050303555941024,0.2537485582468281,0
0.48829141370338247,0.2537485582468281,0
0.21595836947094535,0.2549019607843137,0
0.7198612315698178,0.25951557093425603,0
0.10667823070251518,0.2629757785467128,0
0.8872506504770165,0.26412918108419836,0
0.12315698178664354,0.26528258362168394,0
0.14657415437987859,0.26528258362168394,0
0.17432784041630528,0.2687427912341407,0
0.1552471812662619,0.27335640138408307,0
0.15784908933217692,0.27450980392156865,0
0.22549869904596703,0.28027681660899656,0
0.9011274934952298,0.2895040369088812,0
0.5099739809193409,0.2906574394463668,0
0.10754553339115351,0.2964244521337947,0
0.3425845620121422,0.29988465974625145,0
0.3191673894189072,0.30103806228373703,0
0.22983521248915872,0.3102652825836217,0
0.8976582827406765,0.31257208765859285,0
0.9028620988725065,0.3275663206459054,0
0.9184735472679966,0.3275663206459054,0
0.632263660017346,0.3344867358708189,0
0.17779705117085862,0.3356401384083045,0
0.7528187337380746,0.34256055363321797,0
0.7649609713790113,0.34256055363321797,0
0.1899392888117953,0.34371395617070355,0
0.6470078057241977,0.3494809688581315,0
0.8907198612315698,0.35294117647058826,0
0.7215958369470945,0.356401384083045,0
0.6487424111014745,0.35870818915801617,0
0.7389418907198613,0.36562860438292966,0
0.3113616652211622,0.36678200692041524,0
0.31569817866435385,0.36678200692041524,0
0.8950563746747615,0.3679354094579008,0
0.6808326105810928,0.3737024221453287,0
0.3382480485689506,0.3771626297577855,0
0.9071986123156982,0.3863898500576701,0
0.28360797918473546,0.38985005767012687,0
0.3096270598438855,0.40369088811995385,0
0.9132697311361665,0.4140715109573241,0
0.6764960971379012,0.42675893886966554,0
0.4206418039895924,0.4302191464821223,0
0.9080659150043365,0.4371395617070358,0
0.3183000867302689,0.45098039215686275,0
0.8898525585429314,0.4532871972318339,0
0.8638334778837814,0.46251441753171857,0
0.06764960971379011,0.4682814302191465,0
0.39809193408499566,0.47058823529411764,0
0.4891587163920208,0.47520184544405997,0
0.2844752818733738,0.4809688581314879,0
0.3295750216825672,0.48327566320645904,0
0.9071986123156982,0.4844290657439446,0
0.31309627059843886,0.49596309111880044,0
0.6513443191673894,0.5086505190311419,0
0.3868169991326973,0.5155709342560554,0
0.40242844752818735,0.5155709342560554,0
0.6895056374674762,0.5155709342560554,0
0.39809193408499566,0.5167243367935409,0
0.6418039895923677,0.5236447520184544,0
0.6712922810060711,0.52479815455594,0
0.6556808326105811,0.5271049596309112,0
0.7163920208152645,0.5351787773933102,0
0.9323503902862099,0.5432525951557093,0
0.6383347788378144,0.544405997693195,0
0.6253252385082394,0.5467128027681661,0
0.8941890719861232,0.5536332179930796,0
0.41803989592367735,0.5628604382929643,0
0.42671292281006074,0.5628604382929643,0
0.9089332176929749,0.5686274509803921,0
0.7241977450130095,0.5790080738177624,0
0.6790980052038161,0.5951557093425606,0
0.6912402428447528,0.6078431372549019,0
0.7155247181266262,0.629757785467128,0
0.6105810928013877,0.6332179930795848,0
0.062445793581960105,0.643598615916955,0
0.6981786643538594,0.643598615916955,0
0.8716392020815265,0.6539792387543253,0
0.9193408499566349,0.6539792387543253,0
0.8829141370338248,0.6701268742791234,0
0.8482220294882914,0.6735870818915801,0
0.5767562879444926,0.6747404844290658,0
0.6652211621856028,0.6747404844290658,0
0.8846487424111015,0.6805074971164936,0
0.6929748482220295,0.6828143021914648,0
0.2220294882914137,0.6897347174163783,0
0.5758889852558543,0.6920415224913494,0
0.25498699045967044,0.6978085351787774,0
0.212489158716392,0.7012687427912342,0
0.20901994796183868,0.7093425605536332,0
0.8490893321769297,0.7185697808535179,0
0.8872506504770165,0.7231833910034602,0
0.3044232437120555,0.7277970011534025,0
0.2766695576756288,0.7335640138408305,0
0.8594969644405898,0.748558246828143,0
0.22116218560277537,0.7508650519031141,0
0.29314830875975717,0.7566320645905421,0
0.20641803989592367,0.7577854671280276,0
0.2653946227233304,0.7612456747404844,0
0.06764960971379011,0.7647058823529411,0
0.29314830875975717,0.7658592848904268,0
0.8742411101474414,0.7693194925028836,0
0.3018213356461405,0.7785467128027682,0
0.18560277536860365,0.7808535178777394,0
0.808326105810928,0.7843137254901961,0
0.852558542931483,0.7843137254901961,0
0.8248048568950563,0.7912341407151096,0
0.797918473547268,0.8016147635524798,0
0.813529921942758,0.81199538638985,0
0.07111882046834345,0.8223760092272203,0
0.5212489158716392,0.8304498269896193,0
0.593235039028621,0.8304498269896193,0
0.8404163052905465,0.8339100346020761,0
0.04163052905464007,0.8408304498269896,0
0.608846487424111,0.8408304498269896,0
0.5793581960104076,0.8604382929642446,0
0.6261925411968777,0.8604382929642446,0
0.7528187337380746,0.8615916955017301,0
0.6175195143104943,0.8685121107266436,0
0.6235906331309627,0.8696655132641292,0
0.7233304423243712,0.8696655132641292,0
0.7432784041630529,0.8719723183391004,0
0.0823937554206418,0.8765859284890427,0
0.645273200346921,0.881199538638985,0
0.20728534258456202,0.8835063437139562,0
0.6999132697311362,0.8835063437139562,0
0.07025151777970512,0.8858131487889274,0
0.11621856027753687,0.8858131487889274,0
0.1691240242844753,0.8869665513264129,0
0.13183000867302688,0.889273356401384,0
0.6695576756287944,0.8915801614763552,0
0.2983521248915872,0.8927335640138409,0
0.09280138768430182,0.8996539792387543,0
0.5490026019080659,0.8996539792387543,0
0.21595836947094535,0.9019607843137255,0
0.5359930615784909,0.9077277970011534,0
0.5819601040763226,0.9077277970011534,0
0.1326973113616652,0.9100346020761245,0
0.3148308759757155,0.9146482122260668,0
0.2619254119687771,0.9158016147635525,0
0.47181266261925414,0.9181084198385236,0
